{
    "Boats": {
      "dinghy": "0x3D961290",
      "dinghy2": "0x107F392C",
      "dinghy3": "0x1E5E54EA",
      "dinghy4": "0x33B47F96",
      "jetmax": "0x33581161",
      "marquis": "0xC1CE1183",
      "seashark": "0xC2974024",
      "seashark2": "0xDB4388E4",
      "seashark3": "0xED762D49",
      "speeder": "0xDC60D2B",
      "speeder2": "0x1A144F2A",
      "squalo": "0x17DF5EC2",
      "submersible": "0x2DFF622F",
      "submersible2": "0xC07107EE",
      "suntrap": "0xEF2295C9",
      "toro": "0x3FD5AA2F",
      "toro2": "0x362CAC6D",
      "tropic": "0x1149422F",
      "tropic2": "0x56590FE9",
      "tug": "0x82CAC433"
    },
    "Commercials": {
      "benson": "0x7A61B330",
      "biff": "0x32B91AE8",
      "cerberus": "0xD039510B",
      "cerberus2": "0x287FA449",
      "cerberus3": "0x71D3B6F0",
      "hauler": "0x5A82F9AE",
      "hauler2": "0x171C92C4",
      "mule": "0x35ED670B",
      "mule2": "0xC1632BEB",
      "mule3": "0x85A5B471",
      "mule4": "0x73F4110E",
      "packer": "0x21EEE87D",
      "phantom": "0x809AA4CB",
      "phantom2": "0x9DAE1398",
      "phantom3": "0xA90ED5C",
      "pounder": "0x7DE35E7D",
      "pounder2": "0x6290F15B",
      "stockade": "0x6827CF72",
      "stockade3": "0xF337AB36",
      "terbyte": "0x897AFC65"
    },
    "Compacts": {
      "blista": "0xEB70965F",
      "brioso": "0x5C55CB39",
      "dilettante": "0xBC993509",
      "dilettante2": "0x64430650",
      "issi2": "0xB9CB3B69",
      "issi4": "0x256E92BA",
      "issi5": "0x5BA0FF1E",
      "issi6": "0x49E25BA1",
      "panto": "0xE644E480",
      "prairie": "0xA988D3A2",
      "rhapsody": "0x322CF98F"
    },
    "Coupes": {
      "cogcabrio": "0x13B57D8A",
      "exemplar": "0xFFB15B5E",
      "f620": "0xDCBCBE48",
      "felon": "0xE8A8BDA8",
      "felon2": "0xFAAD85EE",
      "jackal": "0xDAC67112",
      "oracle": "0x506434F6",
      "oracle2": "0xE18195B2",
      "sentinel": "0x50732C82",
      "sentinel2": "0x3412AE2D",
      "windsor": "0x5E4327C8",
      "windsor2": "0x8CF5CAE1",
      "zion": "0xBD1B39C3",
      "zion2": "0xB8E2AE18"
    },
    "Cycles": {
      "bmx": "0x43779C54",
      "cruiser": "0x1ABA13B5",
      "fixter": "0xCE23D3BF",
      "scorcher": "0xF4E1AA15",
      "tribike": "0x4339CD69",
      "tribike2": "0xB67597EC",
      "tribike3": "0xE823FB48"
    },
    "Emergency": {
      "ambulance": "0x45D56ADA",
      "fbi": "0x432EA949",
      "fbi2": "0x9DC66994",
      "firetruk": "0x55702DD8",
      "lguard": "0x1BF8D381",
      "pbus": "0x885F3671",
      "police": "0x79FBB0C5",
      "police2": "0x9F05F101",
      "police3": "0x71FA16EA",
      "police4": "0x8A63C7B9",
      "policeb": "0xFDEFAEC3",
      "polmav": "0x1517D4D9",
      "policeold1": "0xA46462F7",
      "policeold2": "0x95F4C618",
      "policet": "0x1B38E955",
      "pranger": "0x2C33B46E",
      "predator": "0xE2E7D4AB",
      "riot": "0xB822A1AA",
      "riot2": "0x9B16A3B4",
      "sheriff": "0x9BAA707C",
      "sheriff2": "0x72935408"
    },
    "Police": {
      "police": "0x79FBB0C5",
      "police2": "0x9F05F101",
      "police3": "0x71FA16EA",
      "police4": "0x8A63C7B9",
      "policeb": "0xFDEFAEC3",
      "polmav": "0x1517D4D9",
      "policeold1": "0xA46462F7",
      "policeold2": "0x95F4C618",
      "policet": "0x1B38E955",
      "pranger": "0x2C33B46E",
      "sheriff": "0x9BAA707C",
      "sheriff2": "0x72935408"
    },
    "Helicopters": {
      "akula": "0x46699F47",
      "annihilator": "0x31F0B376",
      "buzzard": "0x2F03547B",
      "buzzard2": "0x2C75F0DD",
      "cargobob": "0xFCFCB68B",
      "cargobob2": "0x60A7EA10",
      "cargobob3": "0x53174EEF",
      "cargobob4": "0x78BC1A3C",
      "frogger": "0x2C634FBD",
      "frogger2": "0x742E9AC0",
      "havok": "0x89BA59F5",
      "hunter": "0xFD707EDE",
      "maverick": "0x9D0450CA",
      "savage": "0xFB133A17",
      "skylift": "0x3E48BF23",
      "supervolito": "0x2A54C47D",
      "supervolito2": "0x9C5E5644",
      "swift": "0xEBC24DF2",
      "swift2": "0x4019CB4C",
      "valkyrie": "0xA09E15FD",
      "valkyrie2": "0x5BFA5C4B",
      "volatus": "0x920016F1"
    },
    "Industrial": {
      "bulldozer": "0x7074F39D",
      "cutter": "0xC3FBA120",
      "dump": "0x810369E2",
      "flatbed": "0x50B0215A",
      "guardian": "0x825A9F4C",
      "handler": "0x1A7FCEFA",
      "mixer": "0xD138A6BB",
      "mixer2": "0x1C534995",
      "rubble": "0x9A5B1DCC",
      "tiptruck": "0x2E19879",
      "tiptruck2": "0xC7824E5E"
    },
    "Military": {
      "apc": "0x2189D250",
      "barracks": "0xCEEA3F4B",
      "barracks2": "0x4008EABB",
      "barracks3": "0x2592B5CF",
      "barrage": "0xF34DFB25",
      "chernobog": "0xD6BC7523",
      "crusader": "0x132D5A1A",
      "halftrack": "0xFE141DA6",
      "khanjali": "0xAA6F980A",
      "rhino": "0x2EA68690",
      "scarab": "0xBBA2A2F7",
      "scarab2": "0x5BEB3CE0",
      "scarab3": "0xDD71BFEB",
      "thruster": "0x58CDAF30",
      "trailersmall2": "0x8FD54EBB"
    },
    "Motorcycles": {
      "akuma": "0x63ABADE7",
      "avarus": "0x81E38F7F",
      "bagger": "0x806B9CC3",
      "bati": "0xF9300CC5",
      "bati2": "0xCADD5D2D",
      "bf400": "0x5283265",
      "carbonrs": "0xABB0C0",
      "chimera": "0x675ED7",
      "cliffhanger": "0x17420102",
      "daemon": "0x77934CEE",
      "daemon2": "0xAC4E93C9",
      "defiler": "0x30FF0190",
      "deathbike": "0xFE5F0722",
      "deathbike2": "0x93F09558",
      "deathbike3": "0xAE12C99C",
      "diablous": "0xF1B44F44",
      "diablous2": "0x6ABDF65E",
      "double": "0x9C669788",
      "enduro": "0x6882FA73",
      "esskey": "0x794CB30C",
      "faggio": "0x9229E4EB",
      "faggio2": "0x350D1AB",
      "faggio3": "0xB328B188",
      "fcr": "0x25676EAF",
      "fcr2": "0xD2D5E00E",
      "gargoyle": "0x2C2C2324",
      "hakuchou": "0x4B6C568A",
      "hakuchou2": "0xF0C2A91F",
      "hexer": "0x11F76C14",
      "innovation": "0xF683EACA",
      "lectro": "0x26321E67",
      "manchez": "0xA5325278",
      "nemesis": "0xDA288376",
      "nightblade": "0xA0438767",
      "oppressor": "0x34B82784",
      "oppressor2": "0x7B54A9D3",
      "pcj": "0xC9CEAF06",
      "ratbike": "0x6FACDF31",
      "ruffian": "0xCABD11E8",
      "sanchez2": "0xA960B13E",
      "sanctus": "0x58E316C7",
      "shotaro": "0xE7D2A16E",
      "sovereign": "0x2C509634",
      "thrust": "0x6D6F8F43",
      "vader": "0xF79A00F7",
      "vindicator": "0xAF599F01",
      "vortex": "0xDBA9DBFC",
      "wolfsbane": "0xDB20A373",
      "zombiea": "0xC3D7C72B",
      "zombieb": "0xDE05FB87"
    },
    "Muscle": {
      "blade": "0xB820ED5E",
      "buccaneer": "0xD756460C",
      "buccaneer2": "0xC397F748",
      "chino": "0x14D69010",
      "chino2": "0xAED64A63",
      "coquette3": "0x2EC385FE",
      "deviant": "0x4C3FFF49",
      "dominator": "0x4CE68AC",
      "dominator2": "0xC96B73D9",
      "dominator4": "0xD6FB0F30",
      "dominator5": "0xAE0A3D4F",
      "dominator6": "0xB2E046FB ",
      "dukes": "0x2B26F456",
      "dukes2": "0xEC8F7094",
      "faction": "0x81A9CDDF",
      "faction2": "0x95466BDB",
      "faction3": "0x866BCE26",
      "gauntlet": "0x94B395C5",
      "gauntlet2": "0x14D22159",
      "hermes": "0xE83C17",
      "hotknife": "0x239E390",
      "impaler": "0xB2E046FB",
      "impaler2": "0x3C26BD0C",
      "impaler3": "0x8D45DF49",
      "impaler4": "0x9804F4C7",
      "imperator": "0x1A861243",
      "imperator2": "0x619C1B82",
      "imperator3": "0xD2F77E37",
      "lurcher": "0x7B47A6A7",
      "moonbeam": "0x1F52A43F",
      "moonbeam2": "0x710A2B9B",
      "nightshade": "0x8C2BD0DC",
      "pheonix": "0x4E3BEDF7",
      "picador": "0x59E0FBF3",
      "ratloader": "0xD83C13CE",
      "ratloader2": "0xDCE1D9F7",
      "ruiner": "0xF26CEFF9",
      "ruiner2": "0x381E10BD",
      "ruiner3": "0x2E5AFD37",
      "sabregt": "0x9B909C94",
      "sabregt2": "0xD4EA603",
      "slamvan": "0x2B7F9DE3",
      "slamvan2": "0x31ADBBFC",
      "slamvan3": "0x42BC5E19",
      "slamvan4": "0x8526E2F5",
      "slamvan5": "0x163F8520",
      "slamvan6": "0x67D52852",
      "stalion": "0x72A4C31E",
      "stalion2": "0xE80F67EE",
      "tampa": "0x39F9C898",
      "tampa3": "0xB7D9F7F1",
      "tulip": "0x56D42971",
      "vamos": "0xFD128DFD",
      "vigero": "0xCEC6B9B7",
      "virgo": "0xE2504942",
      "virgo2": "0xCA62927A",
      "virgo3": "0xFDFFB0",
      "voodoo": "0x779B4F2D",
      "voodoo2": "0x1F3766E3",
      "yosemite": "0x6F946279"
    },
    "Off-Road": {
      "bfinjection": "0x432AA566",
      "bifta": "0xEB298297",
      "blazer": "0x8125BCF9",
      "blazer2": "0xFD231729",
      "blazer3": "0xB44F0582",
      "blazer4": "0xE5BA6858",
      "blazer5": "0xA1355F67",
      "bodhi2": "0xAA699BB6",
      "brawler": "0xA7CE1BC5",
      "bruiser": "0x27D79225",
      "bruiser2": "0x9B065C9E",
      "bruiser3": "0x8644331A",
      "dloader": "0x698521E3",
      "dubsta3": "0xB6410173",
      "dune": "0x9CF21E0F",
      "dune2": "0x1FD824AF",
      "dune3": "0x711D4738",
      "dune4": "0xCEB28249",
      "dune5": "0xED62BFA9",
      "freecrawler": "0xFCC2F483",
      "insurgent": "0x9114EADA",
      "insurgent2": "0x7B7E56F0",
      "insurgent3": "0x8D4B7A8A",
      "kalahari": "0x5852838",
      "marshall": "0x49863E9C",
      "mesa3": "0x84F42E51",
      "monster": "0xCD93A7DB",
      "monster3": "0x669EB40A",
      "monster4": "0x32174AFC",
      "monster5": "0xD556917C",
      "menacer": "0x79DD18AE",
      "nightshark": "0x19DD9ED1",
      "rancherxl": "0x6210CBB0",
      "rancherxl2": "0x7341576B",
      "rebel": "0xB802DD46",
      "rebel2": "0x8612B64B",
      "rcbandito": "0xEEF345EC",
      "riata": "0xA4A4E453",
      "sandking": "0xB9210FD0",
      "sandking2": "0x3AF8C345",
      "technical": "0x83051506",
      "technical2": "0x4662BCBB",
      "technical3": "0x50D4D19F",
      "trophytruck": "0x612F4B6",
      "trophytruck2": "0xD876DBE2"
    },
    "Planes": {
      "alphaz1": "0xA52F6866",
      "avenger": "0x81BD2ED0",
      "besra": "0x6CBD1D6D",
      "blimp": "0xF7004C86",
      "blimp2": "0xDB6B4924",
      "blimp3": "0xEDA4ED97",
      "bombushka": "0xFE0A508C",
      "cargoplane": "0x15F27762",
      "cuban800": "0xD9927FE3",
      "dodo": "0xCA495705",
      "duster": "0x39D6779E",
      "howard": "0xC3F25753",
      "hydra": "0x39D6E83F",
      "jet": "0x3F119114",
      "lazer": "0xB39B0AE6",
      "luxor": "0x250B0C5E",
      "luxor2": "0xB79F589E",
      "mammatus": "0x97E55D11",
      "microlight": "0x96E24857",
      "miljet": "0x9D80F93",
      "mogul": "0xD35698EF",
      "molotok": "0x5D56F01B",
      "nimbus": "0xB2CF7250",
      "nokota": "0x3DC92356",
      "pyro": "0xAD6065C0",
      "rogue": "0xC5DD6967",
      "seabreeze": "0xE8983F9F",
      "shamal": "0xB79C1BF5",
      "starling": "0x9A9EB7DE",
      "strikeforce": "0x64DE07A1",
      "stunt": "0x81794C70",
      "titan": "0x761E2AD3",
      "tula": "0x3E2E4F8A",
      "velum": "0x9C429B6A",
      "velum2": "0x403820E8",
      "vestra": "0x4FF77E37",
      "volatol": "0x1AAD0DED"
    },
    "SUVs": {
      "baller": "0xCFCA3668",
      "baller2": "0x8852855",
      "baller3": "0x6FF0F727",
      "baller4": "0x25CBE2E2",
      "baller5": "0x1C09CF5E",
      "baller6": "0x27B4E6B0",
      "bjxl": "0x32B29A4B",
      "cavalcade": "0x779F23AA",
      "cavalcade2": "0xD0EB2BE5",
      "contender": "0x28B67ACA",
      "dubsta": "0x462FE277",
      "dubsta2": "0xE882E5F6",
      "fq2": "0xBC32A33B",
      "granger": "0x9628879C",
      "gresley": "0xA3FC0F4D",
      "habanero": "0x34B7390F",
      "huntley": "0x1D06D681",
      "landstalker": "0x4BA4E8DC",
      "mesa": "0x36848602",
      "mesa2": "0xD36A4B44",
      "patriot": "0xCFCFEB3B",
      "patriot2": "0xE6E967F8",
      "radi": "0x9D96B45B",
      "rocoto": "0x7F5C91F1",
      "seminole": "0x48CECED3",
      "serrano": "0x4FB1A214",
      "toros": "0xBA5334AC",
      "xls": "0x47BBCF2E",
      "xls2": "0xE6401328"
    },
    "Sedans": {
      "asea": "0x94204D89",
      "asea2": "0x9441D8D5",
      "asterope": "0x8E9254FB",
      "cog55": "0x360A438E",
      "cog552": "0x29FCD3E4",
      "cognoscenti": "0x86FE0B60",
      "cognoscenti2": "0xDBF2D57A",
      "emperor": "0xD7278283",
      "emperor2": "0x8FC3AADC",
      "emperor3": "0xB5FCF74E",
      "fugitive": "0x71CB2FFB",
      "glendale": "0x47A6BC1",
      "ingot": "0xB3206692",
      "intruder": "0x34DD8AA1",
      "limo2": "0xF92AEC4D",
      "premier": "0x8FB66F9B",
      "primo": "0xBB6B404F",
      "primo2": "0x86618EDA",
      "regina": "0xFF22D208",
      "romero": "0x2560B2FC",
      "schafter2": "0xB52B5113",
      "schafter5": "0xCB0E7CD9",
      "schafter6": "0x72934BE4",
      "stafford": "0x1324E960",
      "stanier": "0xA7EDE74D",
      "stratum": "0x66B4FC45",
      "stretch": "0x8B13F083",
      "superd": "0x42F2ED16",
      "surge": "0x8F0E3594",
      "tailgater": "0xC3DDFDCE",
      "warrener": "0x51D83328",
      "washington": "0x69F06B57"
    },
    "Service": {
      "airbus": "0x4C80EB0E",
      "brickade": "0xEDC6F847",
      "bus": "0xD577C962",
      "coach": "0x84718D34",
      "pbus2": "0x149BD32A",
      "rallytruck": "0x829A3C44",
      "rentalbus": "0xBE819C63",
      "taxi": "0xC703DB5F",
      "tourbus": "0x73B1C3CB",
      "trash": "0x72435A19",
      "trash2": "0xB527915C",
      "wastelander": "0x8E08EC82"
    },
    "Sports": {
      "alpha": "0x2DB8D1AA",
      "banshee": "0xC1E908D2",
      "bestiagts": "0x4BFCF28B",
      "blista2": "0x3DEE5EDA",
      "blista3": "0xDCBC1C3B",
      "buffalo": "0xEDD516C6",
      "buffalo2": "0x2BEC3CBE",
      "buffalo3": "0xE2C013E",
      "carbonizzare": "0x7B8AB45F",
      "comet2": "0xC1AE4D16",
      "comet3": "0x877358AD",
      "comet4": "0x5D1903F9",
      "coquette": "0x67BC037",
      "deveste": "0x5EE005DA",
      "elegy": "0xBBA2261",
      "elegy2": "0xDE3D9D22",
      "feltzer2": "0x8911B9F5",
      "furoregt": "0xBF1691E0",
      "fusilade": "0x1DC0BA53",
      "futo": "0x7836CE2F",
      "infernus2": "0x7836CE2F",
      "italigto": "0xEC3E3404",
      "jester": "0xB2A716A3",
      "jester2": "0xBE0E6126",
      "khamelion": "0x206D1B68",
      "kuruma": "0xAE2BFE94",
      "kuruma2": "0x187D938D",
      "lynx2": "0x5DCA7C9A",
      "massacro": "0xF77ADE32",
      "massacro2": "0xDA5819A3",
      "neon": "0x91CA96EE",
      "ninef": "0x3D8FA25C",
      "ninef2": "0xA8E38B01",
      "omnis": "0xD1AD4937",
      "pariah": "0x33B98FE2",
      "penumbra": "0xE9805550",
      "raiden": "0xA4D99B7D",
      "rapidgt": "0x8CB29A14",
      "rapidgt2": "0x679450AF",
      "raptor": "0xD7C56D39",
      "revolter": "0xE78CC3D9",
      "ruston": "0x2AE524A8",
      "schafter3": "0xA774B5A6",
      "schafter4": "0x58CF185C",
      "schlagen": "0xE1C03AB0",
      "schwarzer": "0xD37B7976",
      "sentinel3": "0x41D149AA",
      "seven70": "0x97398A4B",
      "specter": "0x706E2B40",
      "specter2": "0x400F5147",
      "streiter": "0x67D2B389",
      "sultan": "0x39DA2754",
      "surano": "0x16E478C1",
      "tampa2": "0xC0240885",
      "tropos": "0x707E63A4",
      "verlierer2": "0x41B77FA4",
      "zr380": "0x20314B42",
      "zr3802": "0xBE11EFC6",
      "zr3803": "0xA7DCC35C"
    },
    "SportsClassic": {
      "ardent": "0x97E5533",
      "btype": "0x6FF6914",
      "btype2": "0xCE6B35A4",
      "btype3": "0xDC19D101",
      "casco": "0x3822BDFE",
      "cheetah2": "0xD4E5F4D",
      "coquette2": "0x3C4E2113",
      "deluxo": "0x586765FB",
      "feltzer3": "0xA29D6D10",
      "gt500": "0x8408F33A",
      "jb700": "0x3EAB5555",
      "mamba": "0x9CFFFC56",
      "manana": "0x81634188",
      "monroe": "0xE62B361B",
      "peyote": "0x6D19CCBC",
      "pigalle": "0x404B6381",
      "rapidgt3": "0x7A2EF5E4",
      "retinue": "0x6DBD6C0A",
      "savestra": "0x35DED0DD",
      "stinger": "0x5C23AF9B",
      "stingergt": "0x82E499FA",
      "stromberg": "0x34DBA661",
      "swinger": "0x1DD4C0FF",
      "torero": "0x59A9E570",
      "tornado": "0x1BB290BC",
      "tornado2": "0x5B42A5C4",
      "tornado3": "0x690A4153",
      "tornado4": "0x86CF7CDD",
      "tornado5": "0x94DA98EF",
      "tornado6": "0xA31CB573",
      "turismo2": "0xC575DF11",
      "viseris": "0xE8A8BA94",
      "ztype": "0x2D3BD401"
    },
    "Super": {
      "adder": "0xB779A091",
      "autarch": "0xED552C74",
      "banshee2": "0x25C5AF13",
      "bullet": "0x9AE6DDA1",
      "cheetah": "0xB1D95DA0",
      "cyclone": "0x52FF9437",
      "entityxf": "0xB2FE5CF9",
      "fmj": "0x5502626C",
      "gp1": "0x4992196C",
      "infernus": "0x18F25AC7",
      "italigtb": "0x85E8E76B",
      "italigtb2": "0xE33A477B",
      "le7b": "0xB6846A55",
      "nero": "0x3DA47243",
      "nero2": "0x4131F378",
      "osiris": "0x767164D6",
      "penetrator": "0x9734F3EA",
      "pfister811": "0x92EF6E04",
      "prototipo": "0x7E8F677F",
      "reaper": "0xDF381E5",
      "sc1": "0x5097F589",
      "scramjet": "0xD9F0503D",
      "sheava": "0x30D3F6D8",
      "sultanrs": "0xEE6024BC",
      "t20": "0x6322B39A",
      "tempesta": "0x1044926F",
      "turismor": "0x185484E1",
      "tyrus": "0x7B406EFB",
      "vacca": "0x142E0DC3",
      "vagner": "0x7397224C",
      "vigilante": "0xB5EF4C33",
      "visione": "0xC4810400",
      "voltic": "0x9F4B77BE",
      "voltic2": "0x3AF76F4A",
      "xa21": "0x36B4A8A9",
      "zentorno": "0xAC5DF515"
    },
    "Trailer": {
      "armytanker": "0xB8081009",
      "armytrailer2": "0x9E6B14D6",
      "boattrailer": "0x1F3D44B5",
      "cablecar": "0xC6C3242D",
      "docktrailer": "0x806EFBEE",
      "graintrailer": "0x3CC7F596",
      "proptrailer": "0x153E1B0A",
      "raketrailer": "0x174CB172",
      "tr2": "0x7BE032C6",
      "tr3": "0x6A59902D",
      "tr4": "0x7CAB34D0",
      "trflat": "0xAF62F6B2",
      "tvtrailer": "0x967620BE",
      "tanker": "0xD46F4737",
      "tanker2": "0x74998082",
      "trailerlogs": "0x782A236D",
      "trailersmall": "0x2A72BEAB",
      "trailers": "0xCBB2BE0E",
      "trailers2": "0xA1DA3C91",
      "trailers3": "0x8548036D"
    },
    "Trains": {
      "freight": "0x3D6AAA9B",
      "freightcar": "0x0AFD22A6",
      "freightcont1": "0x36DCFF98",
      "freightcont2": "0x0E512E79",
      "freightgrain": "0x264D9262",
      "tankercar": "0x22EDDC30"
    },
    "Utility": {
      "airtug": "0x5D0AAC8F",
      "caddy": "0x44623884",
      "caddy2": "0xDFF0594C",
      "caddy3": "0xD227BDBB",
      "docktug": "0xCB44B1CA",
      "forklift": "0x58E49664",
      "mower": "0x6A4BD8F6",
      "ripley": "0xCD935EF9",
      "sadler": "0xDC434E51",
      "sadler2": "0x2BC345D1",
      "scrap": "0x9A9FD3DF",
      "towtruck": "0xB12314E0",
      "towtruck2": "0xE5A2D6C6",
      "tractor": "0x61D6BA8C",
      "tractor2": "0x843B73DE",
      "tractor3": "0x562A97BD",
      "utillitruck": "0x1ED0A534",
      "utillitruck2": "0x34E6BF6B",
      "utillitruck3": "0x7F2153DF"
    },
    "Vans": {
      "bison": "0xFEFD644F",
      "bison2": "0x7B8297C5",
      "bison3": "0x67B3F020",
      "bobcatxl": "0x3FC5D440",
      "boxville": "0x898ECCEA",
      "boxville2": "0xF21B33BE",
      "boxville3": "0x07405E08",
      "boxville4": "0x1A79847A",
      "boxville5": "0x28AD20E1",
      "burrito": "0xAFBB2CA4",
      "burrito2": "0xC9E8FF76",
      "burrito3": "0x98171BD3",
      "burrito4": "0x353B561D",
      "burrito5": "0x437CF2A0",
      "camper": "0x6FD95F68",
      "gburrito": "0x97FA4F36",
      "gburrito2": "0x11AA0E14",
      "journey": "0xF8D48E7A",
      "minivan": "0xED7EADA4",
      "minivan2": "0xBCDE91F0",
      "paradise": "0x58B3979C",
      "pony": "0xF8DE29A8",
      "pony2": "0x38408341",
      "rumpo": "0x4543B74D",
      "rumpo2": "0x961AFEF7",
      "rumpo3": "0x57F682AF",
      "speedo": "0xCFB3870C",
      "speedo2": "0x2B6DC64A",
      "speedo4": "0xD17099D",
      "surfer": "0x29B0DA97",
      "surfer2": "0xB1D80E06",
      "taco": "0x744CA80D",
      "youga": "0x03E5F6B8",
      "youga2": "0x3D29CD2B"
    },
    "HaveConvertibleRoof": {
      "rapidgt2": "0x679450AF",
      "windsor2": "0x8CF5CAE1",
      "zion2": "0xB8E2AE18",
      "sentinel2": "0x3412AE2D",
      "felon2": "0xFAAD85EE",
      "ninef2": "0xA8E38B01",
      "surano": "0x16E478C1",
      "tornado5": "0x94DA98EF",
      "issi2": "0xB9CB3B69",
      "carbonizzare": "0x7B8AB45F"
    }
  }
  