{
    "mask": {
        "prop": {
            "name": "prop_michael_balaclava"
        },
        "raycast": "small",
        "name": "Kominiarka",
        "drawable": 35,
        "description": "Kominiarka zakrywająca całą twarz."
    },
    "body": {
        "prop": null,
        "name": "Zwłoki",
        "description": "Ciało w stanie rozkładu."
    },
    "watch": {
        "name": "Zegarek",
        "prop": null,
        "description": "Służy do sprawdzania godziny. Nigdy nie znasz dnia, ani godziny."
    },
    "weapon": {
        "Remington 870": {
            "model": "weapon_pumpshotgun",
            "hash": "0x1D073A89",
            "prop": {
                "name": "w_sg_pumpshotgun",
                "offsetX": 90,
                "offsetZ": 180
            },
            "raycast": "big",
            "description": "Powerful combat shotgun. Mostly used by Law Enforcement Agencies.",
            "damageOnHit": 80,
            "ammoUsed": "12 gauge"
        },
        "Mini Draco": {
            "model": "weapon_compactrifle",
            "hash": "0x624FE830",
            "description": "Karabin importowany z Romanii i zasilany 7.62x39mm. Moc karabinu w rozmiarze pistoletu.",
            "damageOnHit": 30,
            "ammoUsed": "7.62x39mm"
        },
        "Sig Sauer": {
            "model": "weapon_pistol",
            "hash": "0x1B06D571",
            "description": "Popularny pistolet używany w agencjach porządkowych.",
            "damageOnHit": 25
        },
        "Machete": {
            "name": "Maczeta",
            "hash": "0xDD5DF8D9",
            "model": "weapon_machete",
            "description": "Arka Gdynia Kurwa Świnia.",
            "damageOnHit": 15
        }
    },
    "ammo": {
        "7.62x39mm": {
            "prop": "prop_box_ammo01a",
            "packSize": 30
        },
        "12 gauge": {
            "prop": "v_ret_gc_ammostack",
            "packSize": 7
        }
    },
    "drink": {
        "Sprunk": {
            "model": null,
            "description": "Refreshment for your soul!",
            "alcohol": false,
            "effect": 20
        }
    },
    "drug": {
        "Crack": {
            "description": "Crack jest kokainą w postaci, którą można palić. Oferuje krótkiego, ale intensywnego kopa.",
            "name": "Crack",
            "prop": null,
            "effect": 50,
            "duration": 1,
            "vision": "DrugsMichaelAliensFight"
        }
    },
    "container": {
        "sportbag": {
            "name": "Torba sportowa",
            "description": "Pojemna torba sportowa, pomieści do 5 przedmiotów.",
            "prop": null,
            "drawable": 2,
            "capacity": 5
        }
    }
}