{
    "lumber": {
        "male": {
            "clothes": [
                null,
                null,
                null,
                {
                    "id": 66,
                    "textureId": 0
                },
                {
                    "id": 97,
                    "textureId": 1
                },
                null,
                {
                    "id": 81,
                    "textureId": 2
                },
                null,
                null,
                null,
                null,
                {
                    "id": 251,
                    "textureId": 1
                }
            ],
            "props": {
                "0": {
                    "id": 0,
                    "textureId": 1
                }
            }
        },
        "female": {}
    }
}